# Index_ID	Forward (i7s)	Reverse (i5s)
EF-UDP-1	AATGAGGTCCTC	TTCACGAAGCGT
EF-UDP-2	GCATGGACCTTA	AGCGTCGATTCA
EF-UDP-3	CGTAAGCATGTC	GAGTACACGTTC
EF-UDP-4	CGACCGTATTAG	CCGTAGCTGATA
EF-UDP-5	CTACTGAATCGG	AATGGCTCCGAT
EF-UDP-6	AATACCGTTGGC	TAATCGGACCTG
EF-UDP-7	TATTGGCCACAG	CTAACGCGGTAT
EF-UDP-8	ATGCAATCCGGT	TCGAATGGCACT
EF-UDP-9	TCGAGGTACCAT	CTAGAAGCCTGT
EF-UDP-10	CTAAGGCTATCG	CTCAATCGATGG
EF-UDP-11	ATGACCGTTCAG	AACAGCTGTGCT
EF-UDP-12	GCCATCATTGGA	CAGTGTACCGTA
EF-UDP-13	ATTATCGAGGCC	CCTAGAAGGTCT
EF-UDP-14	ATCGCAGCTTAG	TTCCGAGCAGTA
EF-UDP-15	CGTTAATGCGAC	GCACCTAAGTGT
EF-UDP-16	ATGAGCTATGCC	AGAATCCGTGCT
EF-UDP-17	ATAGTTCCGACG	CCGCGATGTAAT
EF-UDP-18	CAGACGTATGTC	TGCACTGCAAGT
EF-UDP-19	TAAGTCCATGGC	TCACTGATGCAG
EF-UDP-20	TTCCTCGGAGAA	GCAATGTCAGCT
EF-UDP-21	AACGCGATGTCT	TACGCTATACGG
EF-UDP-22	CGTTAACCTGGA	TATCTAGACGCG
EF-UDP-23	ATCGGTCCGTAA	ATGGTCACCGTA
EF-UDP-24	CTGTGTCAAGAC	TACCGTGAAGTC
EF-UDP-25	GAACGCTGTTCA	AGATCTCCTGAG
EF-UDP-26	CAGAATTCCTGG	CTCATCGAGGAT
EF-UDP-27	GCCTATTAGCGA	TGCTGCAATGCA
EF-UDP-28	CTACTAGCGTGA	ATTACGGACGCT
EF-UDP-29	CTTCAGAGGACT	ACCAGTAGTTCG
EF-UDP-30	TACAACGCGTTG	TCAGCTAGGTCA
EF-UDP-31	CTGACTGACTGA	GACCTTAAGGCT
EF-UDP-32	CCATGTAAGCGT	TATGCCATAGCG
EF-UDP-33	TTCCAGGTGCAA	TTGCTAGGCACA
EF-UDP-34	CGAGGTATACCT	AGTCGGAATTCC
EF-UDP-35	TTGCAGTACGCA	ATTAGTCACCGG
EF-UDP-36	TCATGAGGCCAT	CACTAGAGCTTG
EF-UDP-37	TTCAAGCGCAGT	CGAAGCTCTGAT
EF-UDP-38	CCATCGGTTGAA	ACATGGTGTCCA
EF-UDP-39	ATAAGGCCTGCT	CGTAAGTGCATC
EF-UDP-40	TTAGCTGGAACC	CTTAAGACTCGG
EF-UDP-41	GAGGCTAACTTC	TAGAGACCTTGC
EF-UDP-42	TCCTAGGCATAG	CGAATCGGATCT
EF-UDP-43	GATCGCGTAACT	CCAGCAGGTATT
EF-UDP-44	TGGCTAACAGTC	GAGTCCTAACGT
EF-UDP-45	CTTGAAGCTGAC	ATGCGACTGATC
EF-UDP-46	TCAATGTCGACG	AAGCTGTCCTGA
EF-UDP-47	GATAATCGTCCG	AGGCGACTACTT
EF-UDP-48	TAGCAGAGTTCC	CGACTAGTGCAT
EF-UDP-49	ATTGCTCGCGAA	GCCTCGTAAGAT
EF-UDP-50	CTCGAGAAGTTC	ACTGAGCTGCAT
EF-UDP-51	AACCGTGTCAGT	CGCTCAGAATGT
EF-UDP-52	CAGCCTATGAGT	CACTGCGATAGT
EF-UDP-53	GCCATGATGCTA	AATGTCCTGCGA
EF-UDP-54	AAGCGTCTCTAG	TTGGCCGTAACA
EF-UDP-55	TTACGAACTGCG	TTACGGCCTAGA
EF-UDP-56	GATCGATACCTG	GATCATCGAGCT
EF-UDP-57	CCTCAAGTGGAT	TAGCCTTACAGG
EF-UDP-58	ACGTGGCTATAC	ATTGCCACAGTG
EF-UDP-59	GCATCTAGGCAT	GCCTGCAAGTTA
EF-UDP-60	TCTAGCGCGTAA	TGATATCGGCAC
EF-UDP-61	CCGTGAGACATT	TGCAGTCGAACT
EF-UDP-62	CTCAAGGTAGCT	GAAGCGTATCTC
EF-UDP-63	TCTGACCGAATG	CCAGATTCGGAT
EF-UDP-64	CTCAGTAGAGCT	GCATACTGAGCT
EF-UDP-65	TGACACGCGTAT	TAGCATCCTGGA
EF-UDP-66	TAGCAAGCTCGT	AGTACAGTCTGC
EF-UDP-67	TCGAGATTCGAC	CGTATCCGGTAA
EF-UDP-68	AGGTCAGCTATC	TATAGTCGCGAC
EF-UDP-69	ATCGATTGGACC	CCTAACTAGGTG
EF-UDP-70	AACTGGACTTCG	ACGATCCGATTG
EF-UDP-71	CCTGGAACTTGA	TTAAGCTACGCG
EF-UDP-72	CGAACCTTATGG	CGCAAGTCGTTA
EF-UDP-73	TCGAAGCTCATG	ATAGCAGTTCGC
EF-UDP-74	AGTGTACCATCG	CAGTTGCCAATG
EF-UDP-75	CAGGTCTTGCAA	CTAGAGTGCACT
EF-UDP-76	CCGTAACGATTG	CCTGGATTAAGC
EF-UDP-77	AATTGGTCGCAC	TTAACCGGCTAG
EF-UDP-78	GCACTTCGGTAA	CATTCCGAGATG
EF-UDP-79	TCAAGACTGCGT	CCTGGCAATGTA
EF-UDP-80	AGCCTTGCAATG	CGACTATGATGC
EF-UDP-81	GATCCGAGTCTA	ATGCTAGAGCCT
EF-UDP-82	ATCGTGATACCG	ATTCCAAGGCTG
EF-UDP-83	ACCTCTAAGGTG	ATACGGCGCATT
EF-UDP-84	AACTTGGCTCGA	TGACATCAGGCT
EF-UDP-85	CTTGGCAACTAG	ACCAATGGTCTG
EF-UDP-86	ACATTCAGGCGT	ACGTATGCGCAT
EF-UDP-87	GACAGTCAGCTT	GCATTGCACTGA
EF-UDP-88	GCAACTATGCTG	AAGAGTCTTCGC
EF-UDP-89	ACAGCATTGTCG	TAGACTCTGACG
EF-UDP-90	ACTGATGCCGTA	ACTGCGAATGCT
EF-UDP-91	ACTGAATTGGCC	CTCCATAGTGGA
EF-UDP-92	GAGTTCATAGCC	AACTGCAGTCGT
EF-UDP-93	CTTCAACGTGAG	TGTGGCACTAAC
EF-UDP-94	ATGACCACGTGT	AGTCTCAAGGTC
EF-UDP-95	AACTCATGCGGT	CTGAAGGCCATT
EF-UDP-96	GCAATAGGCCTT	TCATTGCGAGCA
EF-UDP-97	TACAGGAGTCCT	CGAAGATTGTCC
EF-UDP-98	ACGCGTAATCGT	TGGTCAACACTG
EF-UDP-99	ATAGCATGCCTG	CTAATGCTGGAC
EF-UDP-100	ACTACATCGTGG	TTCAGTACACGG
EF-UDP-101	CGATATGCATCG	CGCTTGAAGTAC
EF-UDP-102	ACCGCTGTTGAA	ACCGAGCTATGT
EF-UDP-103	GCACTATGGATC	CGATGAATCCGT
EF-UDP-104	CGTTGTCGAACA	TGCGTCAATAGC
EF-UDP-105	GATTATGGCCAC	CGCTCTAATGGA
EF-UDP-106	CTTGGACACGTA	CTCTGGAAGCAT
EF-UDP-107	TCGGACCTAAGT	CGTTACGTGCAA
EF-UDP-108	TGTGCACAAGTC	ACTGCCTGAGAT
EF-UDP-109	TACCTGCGAGAT	CCGCTAATGTAG
EF-UDP-110	ACAATGCTTGCG	CCATTGTGACAG
EF-UDP-111	ATAGGTGACCTC	GCAACTGTTGCA
EF-UDP-112	CATTGAAGCGCT	TCCTATGACGAG
EF-UDP-113	ATCTGTACCAGG	GCACCTTGATAG
EF-UDP-114	CTACCTAGTGAG	TCCAACGTATGG
EF-UDP-115	GATCAATTCGGC	TATTGCCAAGGC
EF-UDP-116	TCCAGTGACAGT	TTGGCATACGAC
EF-UDP-117	AGTCCTTGGAAC	TCGAAGGACTTC
EF-UDP-118	GAATGTCCTGAC	CCGCAATTGATG
EF-UDP-119	CCGGCGATAATT	CTTCTGGAGAAC
EF-UDP-120	TTAAGGACCGTC	TGAGCCACTGAT
EF-UDP-121	ACTGTCAGCTAG	AACGACTGGTCT
EF-UDP-122	AACCTCGATGGT	ACAACGTTCGTG
EF-UDP-123	ATTATCCGGAGC	CCTTAATGGCAG
EF-UDP-124	GACCTGATTACG	CAAGGTGCTTCA
EF-UDP-125	GCACTCATGAGT	AGTGACAGTCCT
EF-UDP-126	TCACGTGCTAAG	CTACGTACGGAT
EF-UDP-127	ATTCGACGCTAG	AATACGGTGTCC
EF-UDP-128	ACTAAGTCGGTC	ACTTAAGCGGCT
EF-UDP-129	TTAGCTCAGGAC	AATGGACGCTCT
EF-UDP-130	TGCACGATTGCA	AAGTTCAGCGTC
EF-UDP-131	TTGAACACGCTG	CTATGGCATGCA
EF-UDP-132	CTGTGTAGCACA	CGACGTTGCAAT
EF-UDP-133	ATTCGCGGATAC	CATTAGCGCGAT
EF-UDP-134	CCTGAGGATTAC	TAGCTGCCTAAG
EF-UDP-135	ACGTGATCCAGT	ATGGCACATCTG
EF-UDP-136	CTGACAAGGCTT	ACCGCGGATTAT
EF-UDP-137	CTTAACGGCTGA	GCACAACTGTTG
EF-UDP-138	ATATCCGTGGAC	CTTCCAGGTAGA
EF-UDP-139	CCAGATTGTGCA	TGTCGATCCGAA
EF-UDP-140	TTCCAGAGCGAT	TGAGCACCTAGT
EF-UDP-141	GCAACAGTGTTC	GAGTCAATGCCT
EF-UDP-142	CGTCGAGTACTA	GAGTACTCCTAG
EF-UDP-143	TGCTACCATAGG	TTCGCAAGGCAT
EF-UDP-144	GCCTTCAGAGAT	TTGACCAGAGCT
EF-UDP-145	ACTGTACGATGC	TACGATGCGTCA
EF-UDP-146	ACTTAGGCGTAC	GCACAATCGTGT
EF-UDP-147	AAGGATCTCCTG	AACAGTTCGCTG
EF-UDP-148	ACATAGGCTCGT	TATGCTACGAGC
EF-UDP-149	AGCCTGCTTAGA	AATTGCCATCGG
EF-UDP-150	TGCCGGACAATT	TCTGGACATCAG
EF-UDP-151	GACGGCCATTAT	TCAGGACCATTG
EF-UDP-152	TCACCAAGGTTG	ACGGAACTTCGT
EF-UDP-153	AAGTACGTCCGT	AACCGAGTTCTG
EF-UDP-154	GAGTAGCCTTAC	TCCGTATGAGCA
EF-UDP-155	ATCGGCATTGAC	ACGCTTCAGATG
EF-UDP-156	TTGGACAAGCCT	AGAGATGTCTCC
EF-UDP-157	AATCAGTGGCTC	TTCAGCGTACGA
EF-UDP-158	ACCTTGGAGATC	ACGTATTCGACG
EF-UDP-159	AGTACCTACGGT	TTCGGAGTAACC
EF-UDP-160	TGAACAGTCGCT	TCACGGAATCTG
EF-UDP-161	CTGGATCAGCTA	AGTTCCGATCAG
EF-UDP-162	TACTGCGCTGAA	TGCCTGAGTACA
EF-UDP-163	CGGTATAATCCG	TGTCAGTCCAAG
EF-UDP-164	TCTCTAACGAGG	ACCTCAGGTTGA
EF-UDP-165	CTGGCAAGATCT	CGATTATACGGC
EF-UDP-166	CTGCATGATGAC	TCACCAGATGGT
EF-UDP-167	CTTCAAGGCGTA	TGACAGCCTGTA
EF-UDP-168	AGCGTCTCGAAT	CTAAGATGGCCT
EF-UDP-169	ACTCGTTCGGAA	ACGTGTAAGCTC
EF-UDP-170	CCAGTAATGCTG	GCACTTGTCAAG
EF-UDP-171	TCTACCTGGAGA	AGCCTAGTGATC
EF-UDP-172	CTGATAGGCTAC	TACTCGAATGGC
EF-UDP-173	CATCTAATGCGG	AACCAGCGTTGT
EF-UDP-174	CCTGAATGTCGA	CTACGTACTAGG
EF-UDP-175	CTCTGCATGGAA	AACGTATGGCTC
EF-UDP-176	CTAACTTGGAGC	CGAGTCACTTAG
EF-UDP-177	CCTGCTAAGGAT	TAGATCCAGTGC
EF-UDP-178	CCGACATATGGT	CTTGTAACAGCG
EF-UDP-179	TCCTGAAGATCG	TTCATGACGGAC
EF-UDP-180	TTACAAGCGGCT	AGGACGCATTCT
EF-UDP-181	TGCGATACGCTA	AGTCACTAGGCT
EF-UDP-182	TCTTACAGGACG	GAGTCCTGCAAT
EF-UDP-183	CGGAGTCAACTT	AGCCGTCTATGA
EF-UDP-184	TGCTGAACCGAT	TTGCCGCAATAG
EF-UDP-185	ACGTACGGACTT	TGAGAAGCTTCC
EF-UDP-186	AGGTTAACGTCC	TTACCATGAGGC
EF-UDP-187	CAAGTGCTACGT	AAGACTCGTGTC
EF-UDP-188	ATGATGCCACTG	AGGCCGACTTAT
EF-UDP-189	TTGAGCAACCGT	ACTGGCGTTAAC
EF-UDP-190	TTACCGTGCGAA	ACATCGCTATGG
EF-UDP-191	TTACGCGTAAGC	TCAATTGCGCAG
EF-UDP-192	AGTCTGCGTAAC	TCATCAGGAGCT